[{"model": "auth.permission", "pk": 1, "fields": {"name": "Can add log entry", "content_type": 1, "codename": "add_logentry"}}, {"model": "auth.permission", "pk": 2, "fields": {"name": "Can change log entry", "content_type": 1, "codename": "change_logentry"}}, {"model": "auth.permission", "pk": 3, "fields": {"name": "Can delete log entry", "content_type": 1, "codename": "delete_logentry"}}, {"model": "auth.permission", "pk": 4, "fields": {"name": "Can view log entry", "content_type": 1, "codename": "view_logentry"}}, {"model": "auth.permission", "pk": 5, "fields": {"name": "Can add permission", "content_type": 2, "codename": "add_permission"}}, {"model": "auth.permission", "pk": 6, "fields": {"name": "Can change permission", "content_type": 2, "codename": "change_permission"}}, {"model": "auth.permission", "pk": 7, "fields": {"name": "Can delete permission", "content_type": 2, "codename": "delete_permission"}}, {"model": "auth.permission", "pk": 8, "fields": {"name": "Can view permission", "content_type": 2, "codename": "view_permission"}}, {"model": "auth.permission", "pk": 9, "fields": {"name": "Can add group", "content_type": 3, "codename": "add_group"}}, {"model": "auth.permission", "pk": 10, "fields": {"name": "Can change group", "content_type": 3, "codename": "change_group"}}, {"model": "auth.permission", "pk": 11, "fields": {"name": "Can delete group", "content_type": 3, "codename": "delete_group"}}, {"model": "auth.permission", "pk": 12, "fields": {"name": "Can view group", "content_type": 3, "codename": "view_group"}}, {"model": "auth.permission", "pk": 13, "fields": {"name": "Can add user", "content_type": 4, "codename": "add_user"}}, {"model": "auth.permission", "pk": 14, "fields": {"name": "Can change user", "content_type": 4, "codename": "change_user"}}, {"model": "auth.permission", "pk": 15, "fields": {"name": "Can delete user", "content_type": 4, "codename": "delete_user"}}, {"model": "auth.permission", "pk": 16, "fields": {"name": "Can view user", "content_type": 4, "codename": "view_user"}}, {"model": "auth.permission", "pk": 17, "fields": {"name": "Can add content type", "content_type": 5, "codename": "add_contenttype"}}, {"model": "auth.permission", "pk": 18, "fields": {"name": "Can change content type", "content_type": 5, "codename": "change_contenttype"}}, {"model": "auth.permission", "pk": 19, "fields": {"name": "Can delete content type", "content_type": 5, "codename": "delete_contenttype"}}, {"model": "auth.permission", "pk": 20, "fields": {"name": "Can view content type", "content_type": 5, "codename": "view_contenttype"}}, {"model": "auth.permission", "pk": 21, "fields": {"name": "Can add session", "content_type": 6, "codename": "add_session"}}, {"model": "auth.permission", "pk": 22, "fields": {"name": "Can change session", "content_type": 6, "codename": "change_session"}}, {"model": "auth.permission", "pk": 23, "fields": {"name": "Can delete session", "content_type": 6, "codename": "delete_session"}}, {"model": "auth.permission", "pk": 24, "fields": {"name": "Can view session", "content_type": 6, "codename": "view_session"}}, {"model": "auth.permission", "pk": 25, "fields": {"name": "Can add note", "content_type": 7, "codename": "add_note"}}, {"model": "auth.permission", "pk": 26, "fields": {"name": "Can change note", "content_type": 7, "codename": "change_note"}}, {"model": "auth.permission", "pk": 27, "fields": {"name": "Can delete note", "content_type": 7, "codename": "delete_note"}}, {"model": "auth.permission", "pk": 28, "fields": {"name": "Can view note", "content_type": 7, "codename": "view_note"}}, {"model": "auth.permission", "pk": 29, "fields": {"name": "Can add profile", "content_type": 8, "codename": "add_profile"}}, {"model": "auth.permission", "pk": 30, "fields": {"name": "Can change profile", "content_type": 8, "codename": "change_profile"}}, {"model": "auth.permission", "pk": 31, "fields": {"name": "Can delete profile", "content_type": 8, "codename": "delete_profile"}}, {"model": "auth.permission", "pk": 32, "fields": {"name": "Can view profile", "content_type": 8, "codename": "view_profile"}}, {"model": "auth.user", "pk": 1, "fields": {"password": "pbkdf2_sha256$600000$M0nYNGEwh1Q99AtrpP6OnU$7cYs2pnLTesQD/uSBU5R+8AOjbYx8lLoZtaezRwqNUU=", "last_login": "2024-10-04T19:46:05.330Z", "is_superuser": false, "username": "rdstest", "first_name": "", "last_name": "", "email": "rdstest@email.com", "is_staff": false, "is_active": true, "date_joined": "2024-09-29T12:57:57.039Z", "groups": [], "user_permissions": []}}, {"model": "auth.user", "pk": 2, "fields": {"password": "pbkdf2_sha256$600000$mvl4d9N5HD04mkVuqmBkCR$seJwR/izk7PhnjsWb5yejPpxedY3XfpDSnzZn+Nkjeg=", "last_login": "2024-09-30T21:24:24.081Z", "is_superuser": true, "username": "admin", "first_name": "", "last_name": "", "email": "", "is_staff": true, "is_active": true, "date_joined": "2024-09-29T13:05:17.751Z", "groups": [], "user_permissions": []}}, {"model": "auth.user", "pk": 3, "fields": {"password": "pbkdf2_sha256$600000$5gpIGeq0oeRwn6hVuXEnan$urx0itzzAr3eKaTPmHP0O2Km9b/ohueMAH+jGM/Mr0U=", "last_login": "2024-09-29T19:07:39.252Z", "is_superuser": false, "username": "awsdev", "first_name": "", "last_name": "", "email": "awsdev@email.com", "is_staff": false, "is_active": true, "date_joined": "2024-09-29T19:07:26.773Z", "groups": [], "user_permissions": []}}, {"model": "auth.user", "pk": 4, "fields": {"password": "pbkdf2_sha256$600000$WKQaFyS1EUpPzu8B95ycvq$5JRN6EeqrtJ/4a4QWgk5XTO25Acu4z59oNoxSH3KxDk=", "last_login": "2024-09-30T16:06:07.388Z", "is_superuser": false, "username": "testeyes", "first_name": "", "last_name": "", "email": "testeyes@email.com", "is_staff": false, "is_active": true, "date_joined": "2024-09-30T16:05:49.953Z", "groups": [], "user_permissions": []}}, {"model": "auth.user", "pk": 5, "fields": {"password": "pbkdf2_sha256$600000$SRurfBVhjd5uepl2QyFnmN$7O47YopIuY8xr5sBajtJZRpBS6yg1UgCnxI2Ye6+SgE=", "last_login": "2024-09-30T18:08:53.912Z", "is_superuser": false, "username": "posttest", "first_name": "", "last_name": "", "email": "posttest@email.com", "is_staff": false, "is_active": true, "date_joined": "2024-09-30T18:08:41.817Z", "groups": [], "user_permissions": []}}, {"model": "auth.user", "pk": 8, "fields": {"password": "pbkdf2_sha256$600000$Sn24qsgQLUquBHjT6WAZU0$uXUY3deNeLiVbiIZz2LNiZo1UK1teejlYNy+JLyT2ag=", "last_login": null, "is_superuser": false, "username": "testmail", "first_name": "", "last_name": "", "email": "sherry.lynn.andrews.bhutia@gmail.com", "is_staff": false, "is_active": true, "date_joined": "2024-09-30T19:16:30.999Z", "groups": [], "user_permissions": []}}, {"model": "auth.user", "pk": 9, "fields": {"password": "pbkdf2_sha256$600000$rhH2VBnqxUFkPBILVrCjLv$AhwAsIC8WCSd/jbaOaaRlMXnqyDXeeBoQrGFu6HjPGY=", "last_login": "2024-10-04T05:13:05.607Z", "is_superuser": false, "username": "Pema@16", "first_name": "", "last_name": "", "email": "pcpchoden@gmail.com", "is_staff": false, "is_active": true, "date_joined": "2024-09-30T21:23:22.214Z", "groups": [], "user_permissions": []}}, {"model": "auth.user", "pk": 11, "fields": {"password": "pbkdf2_sha256$600000$cb9bSjuHlkGXDidvf2xQPe$sxjg37fKo5jcgOK/i7dACFMJUR9GA/hZnTeXlzA6gLk=", "last_login": "2024-10-02T07:49:53.210Z", "is_superuser": false, "username": "uxtest1", "first_name": "", "last_name": "", "email": "uxtest1@email.com", "is_staff": false, "is_active": true, "date_joined": "2024-10-02T07:24:59.714Z", "groups": [], "user_permissions": []}}, {"model": "auth.user", "pk": 12, "fields": {"password": "pbkdf2_sha256$600000$H1bzVLa1c9cRDdWav32AEs$MLjBYkk4IsDucYSuQfEdorg5EahewrQnTpJ5qqDxJ7o=", "last_login": "2024-10-03T18:38:08.839Z", "is_superuser": false, "username": "defaulter", "first_name": "", "last_name": "", "email": "defaulter@email.com", "is_staff": false, "is_active": true, "date_joined": "2024-10-03T18:17:08.144Z", "groups": [], "user_permissions": []}}, {"model": "auth.user", "pk": 13, "fields": {"password": "pbkdf2_sha256$600000$tdKsnDKF5dQ4IYdOfZXn4X$K+fbN355BFhHIG5n46dl5rj0npFuOwp8ta8+g7BDyaE=", "last_login": "2024-10-04T05:16:34.679Z", "is_superuser": false, "username": "Bobby_22", "first_name": "", "last_name": "", "email": "pemachoden83@yahoo.com", "is_staff": false, "is_active": true, "date_joined": "2024-10-04T05:16:23.921Z", "groups": [], "user_permissions": []}}, {"model": "contenttypes.contenttype", "pk": 1, "fields": {"app_label": "admin", "model": "logentry"}}, {"model": "contenttypes.contenttype", "pk": 2, "fields": {"app_label": "auth", "model": "permission"}}, {"model": "contenttypes.contenttype", "pk": 3, "fields": {"app_label": "auth", "model": "group"}}, {"model": "contenttypes.contenttype", "pk": 4, "fields": {"app_label": "auth", "model": "user"}}, {"model": "contenttypes.contenttype", "pk": 5, "fields": {"app_label": "contenttypes", "model": "contenttype"}}, {"model": "contenttypes.contenttype", "pk": 6, "fields": {"app_label": "sessions", "model": "session"}}, {"model": "contenttypes.contenttype", "pk": 7, "fields": {"app_label": "note", "model": "note"}}, {"model": "contenttypes.contenttype", "pk": 8, "fields": {"app_label": "note", "model": "profile"}}, {"model": "sessions.session", "pk": "3409bgdpgbuogu6khuu0o7q24r9p0jz6", "fields": {"session_data": ".eJxVjEEOwiAQRe_C2hBKmSm4dN8zkAGmUjWQlHZlvLsh6UK3_73338LTsWd_NN78msRVgLj8boHik0sH6UHlXmWsZd_WILsiT9rkXBO_bqf7d5Cp5V5rhEAjMIwTWo3M2iocFBAyshlYO5figtoBLASJBuMAFbGbgMhY8fkCzL83Vw:1svKpJ:FsImGXueFdKWEbWgnA_-B-4NU9TTibSd79TxsdM-tqM", "expire_date": "2024-10-14T18:08:53.927Z"}}, {"model": "sessions.session", "pk": "3rp02vrr0ag2j1jjlxr0h3e74ox78qr9", "fields": {"session_data": ".eJxVjDsOwjAQBe_iGlleh2BMSZ8zWPszDiBHipMKcXeIlALaNzPvZRKuS0lr0zmNYi4GzOF3I-SH1g3IHettsjzVZR7JbordabPDJPq87u7fQcFWvnUQZPEaGSSTcyFojw4lAJ3hqD4yKxM6QEXtMnLWnjrikwefXUQ27w8pLTno:1svyRQ:rl-PjQFUhZyFBCnoiVHXqDRtkBIFgzP4hK9b8euLAF4", "expire_date": "2024-10-16T12:26:52.810Z"}}, {"model": "sessions.session", "pk": "3wa9ldp984b2sfgbugxp0a00vf1a58mi", "fields": {"session_data": ".eJxVjDsOwjAQBe_iGlleh2BMSZ8zWPszDiBHipMKcXeIlALaNzPvZRKuS0lr0zmNYi4GzOF3I-SH1g3IHettsjzVZR7JbordabPDJPq87u7fQcFWvnUQZPEaGSSTcyFojw4lAJ3hqD4yKxM6QEXtMnLWnjrikwefXUQ27w8pLTno:1svBaO:rkQc4yHyI-FB8UpNTRhA0paOHnuHxjNNNQ7GOsh59OY", "expire_date": "2024-10-14T08:16:52.093Z"}}, {"model": "sessions.session", "pk": "3yd410yr1a1th25drn8jq5x90ul3hytr", "fields": {"session_data": ".eJxVjDsOwjAQBe_iGlleh2BMSZ8zWPszDiBHipMKcXeIlALaNzPvZRKuS0lr0zmNYi4GzOF3I-SH1g3IHettsjzVZR7JbordabPDJPq87u7fQcFWvnUQZPEaGSSTcyFojw4lAJ3hqD4yKxM6QEXtMnLWnjrikwefXUQ27w8pLTno:1svjDU:R9lJvVj3Fk0-H5as7PWNp4ICuctfFU-eAA1G6ezApdU", "expire_date": "2024-10-15T20:11:28.148Z"}}, {"model": "sessions.session", "pk": "4wist8runfos8sgyedndtdwxbh9yne6d", "fields": {"session_data": ".eJxVjDsOwjAQBe_iGlleh2BMSZ8zWPszDiBHipMKcXeIlALaNzPvZRKuS0lr0zmNYi4GzOF3I-SH1g3IHettsjzVZR7JbordabPDJPq87u7fQcFWvnUQZPEaGSSTcyFojw4lAJ3hqD4yKxM6QEXtMnLWnjrikwefXUQ27w8pLTno:1swoFZ:ASAgH2SASb-SRZe7LKn5PRa2-0L2_zWZEjSjp7stMb8", "expire_date": "2024-10-18T19:46:05.371Z"}}, {"model": "sessions.session", "pk": "7ihfqp72x8smdp6zipjbnp5c7ehl2og6", "fields": {"session_data": ".eJxVjDsOwjAQBe_iGlleh2BMSZ8zWPszDiBHipMKcXeIlALaNzPvZRKuS0lr0zmNYi4GzOF3I-SH1g3IHettsjzVZR7JbordabPDJPq87u7fQcFWvnUQZPEaGSSTcyFojw4lAJ3hqD4yKxM6QEXtMnLWnjrikwefXUQ27w8pLTno:1svzBV:GcTs_xXU0bKd4R0lnJr6LJ6QUQcAl5OkbmA7DuncRhk", "expire_date": "2024-10-16T13:14:29.617Z"}}, {"model": "sessions.session", "pk": "8iwl7ph4bn3aobrcoqql6ronqtz71tmf", "fields": {"session_data": ".eJxVjDsOwjAQBe_iGlleh2BMSZ8zWPszDiBHipMKcXeIlALaNzPvZRKuS0lr0zmNYi4GzOF3I-SH1g3IHettsjzVZR7JbordabPDJPq87u7fQcFWvnUQZPEaGSSTcyFojw4lAJ3hqD4yKxM6QEXtMnLWnjrikwefXUQ27w8pLTno:1swNbW:Gmd6kn4uhHqXmsG_SuV5I1R7R69bjyn8n_Q0ZBweihk", "expire_date": "2024-10-17T15:18:58.094Z"}}, {"model": "sessions.session", "pk": "a1x08r14lk6anfartz203gxl1jg1vsaa", "fields": {"session_data": ".eJxVjDsOwjAQBe_iGlleh2BMSZ8zWPszDiBHipMKcXeIlALaNzPvZRKuS0lr0zmNYi4GzOF3I-SH1g3IHettsjzVZR7JbordabPDJPq87u7fQcFWvnUQZPEaGSSTcyFojw4lAJ3hqD4yKxM6QEXtMnLWnjrikwefXUQ27w8pLTno:1svz12:cFtVqFoZIeMLhshbI-cqmETPFHcNRD1Kxlj3uNZLdmE", "expire_date": "2024-10-16T13:03:40.072Z"}}, {"model": "sessions.session", "pk": "aq1ve8ik0f2k2zqn1neebkh1f5uwp8b3", "fields": {"session_data": ".eJxVjDsOwjAQBe_iGlleh2BMSZ8zWPszDiBHipMKcXeIlALaNzPvZRKuS0lr0zmNYi4GzOF3I-SH1g3IHettsjzVZR7JbordabPDJPq87u7fQcFWvnUQZPEaGSSTcyFojw4lAJ3hqD4yKxM6QEXtMnLWnjrikwefXUQ27w8pLTno:1swivh:z22VqWVsLL6WNUp1rayNbn3JG6KE73dKZ7SWE49Aeew", "expire_date": "2024-10-18T14:05:13.771Z"}}, {"model": "sessions.session", "pk": "k9guz7row28azwef9lkfrvf2jiiin1xf", "fields": {"session_data": ".eJxVjDsOwjAQBe_iGlleh2BMSZ8zWPszDiBHipMKcXeIlALaNzPvZRKuS0lr0zmNYi4GzOF3I-SH1g3IHettsjzVZR7JbordabPDJPq87u7fQcFWvnUQZPEaGSSTcyFojw4lAJ3hqD4yKxM6QEXtMnLWnjrikwefXUQ27w8pLTno:1swikB:XKXH2kNP_x6eQaEJMS03D56ZNsE8wLgwefxw-dzF5fU", "expire_date": "2024-10-18T13:53:19.067Z"}}, {"model": "sessions.session", "pk": "kgojrwzhqkyyfapsgk372476mx1k1eip", "fields": {"session_data": ".eJxVjEEOwiAQRe_C2hAKwoBL956BzMAgVUOT0q6Md7dNutDtf-_9t4i4LjWunec4ZnERRpx-N8L05LaD_MB2n2Sa2jKPJHdFHrTL25T5dT3cv4OKvW41kFJnE6BkT8DaW8ZkuASbiC0Ul83AYdDZ26Q3pgDIkQ66FI_sHIvPF_M0OH8:1suzGd:hN-BGOV3tr4xrQkAdlM2L5NryahRVXqPjx92KyCEHj4", "expire_date": "2024-10-13T19:07:39.267Z"}}, {"model": "sessions.session", "pk": "kx6tm7f44fc54bx71b0z4njihz1jiqub", "fields": {"session_data": ".eJxVjDsOwjAQBe_iGlleh2BMSZ8zWPszDiBHipMKcXeIlALaNzPvZRKuS0lr0zmNYi4GzOF3I-SH1g3IHettsjzVZR7JbordabPDJPq87u7fQcFWvnUQZPEaGSSTcyFojw4lAJ3hqD4yKxM6QEXtMnLWnjrikwefXUQ27w8pLTno:1sutpc:7IRQ9nLsPQclntQ_rtIOs7YBCnYi4K45zH-FJd7vTOY", "expire_date": "2024-10-13T13:19:24.287Z"}}, {"model": "sessions.session", "pk": "l1hbj1u3ii906e3edrkyl6sxiiarmezt", "fields": {"session_data": ".eJxVjEEOwiAQRe_C2pBOCjPg0r1nIMMAUjU0Ke3KeHdt0oVu_3vvv1Tgba1h63kJU1JnRer0u0WWR247SHdut1nL3NZlinpX9EG7vs4pPy-H-3dQuddv7b2YATxgAYdmkEjkoy-R0IxiaWQENgjJknOUbSmCFgqDkCmSEqn3B8JCN5k:1svLqL:QfPON1ptwD45Rek0-s5mWqMzAuRI2fZpKjbQHHZfr5g", "expire_date": "2024-10-14T19:14:01.649Z"}}, {"model": "sessions.session", "pk": "lrly5gavxkysdyudvqef1aeihnxrfkqz", "fields": {"session_data": "eyJfcGFzc3dvcmRfcmVzZXRfdG9rZW4iOiJjZTdkMXAtY2E4ZmZkY2I1YTdjZTllM2Y1N2E3NDk0MTdhNzc0OTEifQ:1svVAU:EfXUDipWr2jB1lHebMwu4s_yTeRmzrl-jQM5wk4L-E8", "expire_date": "2024-10-15T05:11:26.921Z"}}, {"model": "sessions.session", "pk": "qiwyps5b0eow0oktj219nc4wlxt33wba", "fields": {"session_data": ".eJxVjDsOwjAQBe_iGllrrz-Ykj5nsLy7NgmgRMqnQtwdIqWA9s3Me6lctrXP21LnPIi6KGPV6Xekwo867kTuZbxNmqdxnQfSu6IPuuhukvq8Hu7fQV-W_lsXcmSEqxFBYMTmXLDReLCWohQXkCpAwuQRufkzR8dUDThKybQA6v0BCd43tw:1swQYa:Bf8hcNUi5bqP5raZrcBHu0g1pRVWSkW2q_G2_YrRAR4", "expire_date": "2024-10-17T18:28:08.711Z"}}, {"model": "sessions.session", "pk": "r0hoo5cprfu9mnn90ol7kt69yp9q66pj", "fields": {"session_data": ".eJxVjDsOwjAQBe_iGlleh2BMSZ8zWPszDiBHipMKcXeIlALaNzPvZRKuS0lr0zmNYi4GzOF3I-SH1g3IHettsjzVZR7JbordabPDJPq87u7fQcFWvnUQZPEaGSSTcyFojw4lAJ3hqD4yKxM6QEXtMnLWnjrikwefXUQ27w8pLTno:1svXVJ:ja9iCXnuxZwHbDRHvQWXKohUyXWlv9Wd_A51jmdOiDc", "expire_date": "2024-10-15T07:41:05.217Z"}}, {"model": "sessions.session", "pk": "rhfcpl3tlb5xnd73a36ygctlk75hoq9v", "fields": {"session_data": ".eJxVjEEOwiAQAP_C2RCgXWU9eu8byC5spWogKe3J-HdD0oNeZybzVoH2LYe9yRqWpK7KqdMvY4pPKV2kB5V71bGWbV1Y90QftumpJnndjvZvkKnlvnXJ0gjsCdFcZhqHs1gkYBAQ65OAZyEEk4hncI79QNY7MEyMEQf1-QLpHzgq:1sutcN:uCUUqwMlXE7xKYv_7XAY8sx91BVI8m985lHzUyvchB4", "expire_date": "2024-10-13T13:05:43.479Z"}}, {"model": "sessions.session", "pk": "s38xatn82c7v0mneisvqczh80vykzc6s", "fields": {"session_data": ".eJxVjDsOwjAQBe_iGllrrz-Ykj5nsLy7NgmgRMqnQtwdIqWA9s3Me6lctrXP21LnPIi6KGPV6Xekwo867kTuZbxNmqdxnQfSu6IPuuhukvq8Hu7fQV-W_lsXcmSEqxFBYMTmXLDReLCWohQXkCpAwuQRufkzR8dUDThKybQA6v0BCd43tw:1swQiG:NcSYWKi_ZTJgGcjp-b5bO2agwDgy5gYGJphjdEwOFfE", "expire_date": "2024-10-17T18:38:08.874Z"}}, {"model": "sessions.session", "pk": "u2y3k0e0yk2hb34okd0o1c3xaq93wol6", "fields": {"session_data": ".eJxVjDsOwjAQBe_iGlleh2BMSZ8zWPszDiBHipMKcXeIlALaNzPvZRKuS0lr0zmNYi4GzOF3I-SH1g3IHettsjzVZR7JbordabPDJPq87u7fQcFWvnUQZPEaGSSTcyFojw4lAJ3hqD4yKxM6QEXtMnLWnjrikwefXUQ27w8pLTno:1svyXV:y8gtGSizbc526ggY5JkSgpOno639h3enARYirPKCg6I", "expire_date": "2024-10-16T12:33:09.853Z"}}, {"model": "sessions.session", "pk": "v7c0tankm2tt0f3z02271m9ew9t2ipic", "fields": {"session_data": ".eJxVjDsOwjAQBe_iGlleh2BMSZ8zWPszDiBHipMKcXeIlALaNzPvZRKuS0lr0zmNYi4GzOF3I-SH1g3IHettsjzVZR7JbordabPDJPq87u7fQcFWvnUQZPEaGSSTcyFojw4lAJ3hqD4yKxM6QEXtMnLWnjrikwefXUQ27w8pLTno:1sviou:Hc8-y78W5HUDxKABNQ1Imp6O0Pyze0rXhpNEn6iOHt8", "expire_date": "2024-10-15T19:46:04.308Z"}}, {"model": "sessions.session", "pk": "vns6g1ncjunfxon9yts6bxpgcgscqits", "fields": {"session_data": ".eJxVjDsOwjAQBe_iGlleh2BMSZ8zWPszDiBHipMKcXeIlALaNzPvZRKuS0lr0zmNYi4GzOF3I-SH1g3IHettsjzVZR7JbordabPDJPq87u7fQcFWvnUQZPEaGSSTcyFojw4lAJ3hqD4yKxM6QEXtMnLWnjrikwefXUQ27w8pLTno:1sw3Cr:QpWnCv3oz5rypWwY9oZXjkNhco4qNBx7hkQZzwZQLoc", "expire_date": "2024-10-16T17:32:09.332Z"}}, {"model": "sessions.session", "pk": "wkoffgpjp20r2io0872ateoss138pbh7", "fields": {"session_data": ".eJxVjDsOwjAQBe_iGlleh2BMSZ8zWPszDiBHipMKcXeIlALaNzPvZRKuS0lr0zmNYi4GzOF3I-SH1g3IHettsjzVZR7JbordabPDJPq87u7fQcFWvnUQZPEaGSSTcyFojw4lAJ3hqD4yKxM6QEXtMnLWnjrikwefXUQ27w8pLTno:1svGU1:RajRZK4b2Rys2gkOGOPpM27IPVhraHzZx-gb49VcHBA", "expire_date": "2024-10-14T13:30:37.984Z"}}, {"model": "sessions.session", "pk": "ywnb3meph3u2sgys8i1qiwrhh8ss06cf", "fields": {"session_data": ".eJxVjDsOwjAQBe_iGlleh2BMSZ8zWPszDiBHipMKcXeIlALaNzPvZRKuS0lr0zmNYi4GzOF3I-SH1g3IHettsjzVZR7JbordabPDJPq87u7fQcFWvnUQZPEaGSSTcyFojw4lAJ3hqD4yKxM6QEXtMnLWnjrikwefXUQ27w8pLTno:1svB0u:L92J3wrk7pTiwi1rqwN9dAr-5hg8HTY9ndrCMNUFsiU", "expire_date": "2024-10-14T07:40:12.375Z"}}, {"model": "note.note", "pk": 6, "fields": {"title": "note note", "content": "notes", "date_posted": "2024-09-29T18:59:30.352Z", "user": 1}}, {"model": "note.note", "pk": 7, "fields": {"title": "notes notes", "content": "notes", "date_posted": "2024-09-29T18:59:45.060Z", "user": 1}}, {"model": "note.note", "pk": 11, "fields": {"title": "note", "content": "note", "date_posted": "2024-09-30T18:09:24.141Z", "user": 5}}, {"model": "note.note", "pk": 21, "fields": {"title": "test", "content": "test", "date_posted": "2024-10-02T07:13:06.274Z", "user": 1}}, {"model": "note.note", "pk": 22, "fields": {"title": "new test", "content": "test", "date_posted": "2024-10-02T07:18:43.535Z", "user": 1}}, {"model": "note.note", "pk": 24, "fields": {"title": "Mobile test", "content": "Testing", "date_posted": "2024-10-02T12:18:28.032Z", "user": 1}}, {"model": "note.note", "pk": 25, "fields": {"title": "Data", "content": "Science", "date_posted": "2024-10-02T12:19:21.956Z", "user": 9}}, {"model": "note.note", "pk": 26, "fields": {"title": "Java scripting", "content": "coding", "date_posted": "2024-10-02T12:25:03.256Z", "user": 9}}, {"model": "note.note", "pk": 29, "fields": {"title": "order", "content": "test", "date_posted": "2024-10-02T12:27:16.195Z", "user": 1}}, {"model": "note.note", "pk": 31, "fields": {"title": "test", "content": "test", "date_posted": "2024-10-02T12:33:29.465Z", "user": 1}}, {"model": "note.note", "pk": 32, "fields": {"title": "GM code", "content": "Cnc", "date_posted": "2024-10-02T12:34:57.065Z", "user": 9}}, {"model": "note.note", "pk": 35, "fields": {"title": "time test", "content": "testing", "date_posted": "2024-10-02T13:39:33.482Z", "user": 1}}, {"model": "note.note", "pk": 36, "fields": {"title": "time note", "content": "time test", "date_posted": "2024-10-02T17:32:36.859Z", "user": 1}}, {"model": "note.note", "pk": 37, "fields": {"title": "another time test updated", "content": "test", "date_posted": "2024-10-02T17:47:56.940Z", "user": 1}}, {"model": "note.note", "pk": 38, "fields": {"title": "test updated", "content": "test", "date_posted": "2024-10-03T17:26:14.067Z", "user": 1}}, {"model": "note.note", "pk": 39, "fields": {"title": "BObby", "content": "food", "date_posted": "2024-10-04T05:08:32.118Z", "user": 9}}, {"model": "note.note", "pk": 40, "fields": {"title": "Holly", "content": "Food", "date_posted": "2024-10-04T05:09:43.857Z", "user": 9}}, {"model": "note.note", "pk": 42, "fields": {"title": "Mountain", "content": "hillls", "date_posted": "2024-10-04T05:16:59.132Z", "user": 13}}, {"model": "note.note", "pk": 43, "fields": {"title": "Sweden", "content": "snow", "date_posted": "2024-10-04T05:17:11.802Z", "user": 13}}, {"model": "note.note", "pk": 44, "fields": {"title": "sisy", "content": "cassie", "date_posted": "2024-10-04T05:17:25.372Z", "user": 13}}, {"model": "note.note", "pk": 45, "fields": {"title": "Diablo", "content": "handsome", "date_posted": "2024-10-04T05:17:42.281Z", "user": 13}}, {"model": "note.profile", "pk": 1, "fields": {"profile_pic": "media/python.penguin.epic1.jpeg", "user": 1}}, {"model": "note.profile", "pk": 2, "fields": {"profile_pic": "Default.png", "user": 3}}, {"model": "note.profile", "pk": 3, "fields": {"profile_pic": "Default.png", "user": 4}}, {"model": "note.profile", "pk": 4, "fields": {"profile_pic": "Default.png", "user": 5}}, {"model": "note.profile", "pk": 7, "fields": {"profile_pic": "Default.png", "user": 8}}, {"model": "note.profile", "pk": 8, "fields": {"profile_pic": "Default.png", "user": 9}}, {"model": "note.profile", "pk": 10, "fields": {"profile_pic": "Default.png", "user": 11}}, {"model": "note.profile", "pk": 11, "fields": {"profile_pic": "Default.png", "user": 12}}, {"model": "note.profile", "pk": 12, "fields": {"profile_pic": "Default.png", "user": 13}}]